[
{
    "model": "core.test",
    "pk": 1,
    "fields": {
        "title": "پرسشنامه اعتیاد به کار کارلسون و همکاران WFCS",
        "date": "2024-04-15T11:00:07.555Z"
    }
},
{
    "model": "core.test",
    "pk": 2,
    "fields": {
        "title": "تعادل کار و زندگی (هالدن و رنشاو 1965)",
        "date": "2024-04-15T11:00:37.712Z"
    }
},
{
    "model": "core.test",
    "pk": 3,
    "fields": {
        "title": "پرسشنامه سرسختی شغلی",
        "date": "2024-04-15T11:03:25.934Z"
    }
},
{
    "model": "core.test",
    "pk": 4,
    "fields": {
        "title": "پرسشنامه استاندارد تعادل کار و زندگی وونگ و کو (2009)",
        "date": "2024-04-15T11:03:54.209Z"
    }
},
{
    "model": "core.test",
    "pk": 5,
    "fields": {
        "title": "پرسشنامه اعتیاد به کار WART",
        "date": "2024-04-15T11:04:29.014Z"
    }
},
{
    "model": "core.examinee",
    "pk": 1,
    "fields": {
        "name": "علی",
        "date": "2024-04-13T13:33:43.245Z"
    }
},
{
    "model": "core.examinee",
    "pk": 2,
    "fields": {
        "name": "رضا",
        "date": "2024-04-16T12:06:00.365Z"
    }
},
{
    "model": "core.examinee",
    "pk": 3,
    "fields": {
        "name": "محمد",
        "date": "2024-04-16T19:24:52.313Z"
    }
},
{
    "model": "core.examinee",
    "pk": 4,
    "fields": {
        "name": "تست",
        "date": "2024-04-16T19:26:43.694Z"
    }
},
{
    "model": "core.question",
    "pk": 1,
    "fields": {
        "test": 2,
        "question": "بدنبال فرصتی برای برقراری توازن کار و زندگی هستم"
    }
},
{
    "model": "core.question",
    "pk": 2,
    "fields": {
        "test": 2,
        "question": "مراقب نگرش خود هستم،فکرم را باز نگهمیدارم و مثبت فکر می کنم"
    }
},
{
    "model": "core.question",
    "pk": 3,
    "fields": {
        "test": 2,
        "question": "هنگام صحبت باخود مثبت حرف میزنم تا به اهدافی که میخواهم برسم"
    }
},
{
    "model": "core.question",
    "pk": 4,
    "fields": {
        "test": 2,
        "question": "گزینه ها و تصمیماتی که بر توازن میان کار و زندگیم تاتیر گذارند را مجدداً بررسی میکنم"
    }
},
{
    "model": "core.question",
    "pk": 5,
    "fields": {
        "test": 2,
        "question": "از هوش عاطفی خود برای کمک به ایجاد تغییرات الزماستفاده میکنم"
    }
},
{
    "model": "core.question",
    "pk": 6,
    "fields": {
        "test": 2,
        "question": "انعطاف پذیر هستم و میتوانم خیلی سریع خود را با تغییرات وفق دهم"
    }
},
{
    "model": "core.question",
    "pk": 7,
    "fields": {
        "test": 2,
        "question": "روابط دوست داشتنی ام را اولویت بندی میکنم و آنها را در کانون زندگی خود قرار میدهم"
    }
},
{
    "model": "core.question",
    "pk": 8,
    "fields": {
        "test": 2,
        "question": "اوقات مفید و با ارزشم را درکنار دوستان و اعضای خانواده امسپری میکنم"
    }
},
{
    "model": "core.question",
    "pk": 9,
    "fields": {
        "test": 2,
        "question": "در طول هفته فرصت کافی برای فراغت و تفریح در نظر میگیرم"
    }
},
{
    "model": "core.question",
    "pk": 10,
    "fields": {
        "test": 2,
        "question": "قبل از اقدام کردن،تمام هدفهای خود را به وضوح مشخص میکنم"
    }
},
{
    "model": "core.question",
    "pk": 11,
    "fields": {
        "test": 2,
        "question": "برای رسیدن به اهدافم از یک برنامه عمل ساختارمند استفاده میکنم"
    }
},
{
    "model": "core.question",
    "pk": 12,
    "fields": {
        "test": 2,
        "question": "برای برقراری ارتباطاثربخش با دیگران وقت و انرژی میگذارم"
    }
},
{
    "model": "core.question",
    "pk": 13,
    "fields": {
        "test": 2,
        "question": "سعی میکنم نقطه نظرات دیگران را درک کنم"
    }
},
{
    "model": "core.question",
    "pk": 14,
    "fields": {
        "test": 2,
        "question": "راه حلهای مختلفی را آزمایش میکنم و موردی را که برای همه افراد ذی ربط مفید باشد را\r\nپیدا میکنم"
    }
},
{
    "model": "core.question",
    "pk": 15,
    "fields": {
        "test": 2,
        "question": "برای یافتن راه حلهای تازه و خالق با اعضای گروهجلسه میگذارم"
    }
},
{
    "model": "core.question",
    "pk": 16,
    "fields": {
        "test": 2,
        "question": "برای ایجاد تغییر در جهت بهتر شدن،آینده نگر هستم"
    }
},
{
    "model": "core.question",
    "pk": 17,
    "fields": {
        "test": 2,
        "question": "بهترین گزینه های کاری که با اهدافم سازگار باشد را انتخاب میکنم"
    }
},
{
    "model": "core.question",
    "pk": 18,
    "fields": {
        "test": 2,
        "question": "اکثر روزهای کاری از\"زود شروع کردن\"و\"دیر خاتمه دادن\"اجتناب میکنم"
    }
},
{
    "model": "core.question",
    "pk": 19,
    "fields": {
        "test": 2,
        "question": "عادت ندارم کارم را به منزل ببرم و در طول شب آنرا انجام دهم"
    }
},
{
    "model": "core.question",
    "pk": 20,
    "fields": {
        "test": 2,
        "question": "برای انجام کار در ایام تعطیل سر کار نمیروم"
    }
},
{
    "model": "core.question",
    "pk": 21,
    "fields": {
        "test": 2,
        "question": "زمانی که سر کار نیستم از وقتم استفاده موثر میکنم و بهترین بهره را از اوقات فراغتم میبرم"
    }
},
{
    "model": "core.question",
    "pk": 22,
    "fields": {
        "test": 2,
        "question": "مسئولیت انتخابها و اقداماتم را به عهده می گیرم"
    }
},
{
    "model": "core.question",
    "pk": 23,
    "fields": {
        "test": 2,
        "question": "به یادگیری مستمر و توسعه مهارتهای خود توجه دارم"
    }
},
{
    "model": "core.question",
    "pk": 24,
    "fields": {
        "test": 2,
        "question": "برای مهمترین افراد زندگیم وقت میگذارم"
    }
},
{
    "model": "core.question",
    "pk": 25,
    "fields": {
        "test": 2,
        "question": "میدانم که در کار و زندگی به چه چیزهائی میخواهم\"بله\"بگویم"
    }
},
{
    "model": "core.question",
    "pk": 26,
    "fields": {
        "test": 2,
        "question": "به توانائی خوددر تحقق بخشیدن به اهدافم اعتقاد دارم"
    }
},
{
    "model": "core.question",
    "pk": 27,
    "fields": {
        "test": 2,
        "question": "به ارزش خود در محل کار و خانواده واقفم"
    }
},
{
    "model": "core.question",
    "pk": 28,
    "fields": {
        "test": 2,
        "question": "از استرس به عنوان محرکی برای ایجاد تغییرات در جهت بهبود اوضاع استفاده میکنم"
    }
},
{
    "model": "core.question",
    "pk": 29,
    "fields": {
        "test": 2,
        "question": "رژیم غذائی متعادل و سالمی دارم که عمدتااز غذاهای تازه تشکیل میشود"
    }
},
{
    "model": "core.question",
    "pk": 30,
    "fields": {
        "test": 2,
        "question": "ورزشهائی میکنم که روحم را تازه میکند و به من انرژی میدهد"
    }
},
{
    "model": "core.question",
    "pk": 31,
    "fields": {
        "test": 2,
        "question": "به اندازه کافی برای تمدد اعصاب و لذت بردن از زندگی وقت میگذارم"
    }
},
{
    "model": "core.question",
    "pk": 32,
    "fields": {
        "test": 2,
        "question": "سفر زندگی ام را جشن میگیرم و از کلیه موفقیتهایم لذت میبرم"
    }
},
{
    "model": "core.question",
    "pk": 33,
    "fields": {
        "test": 1,
        "question": "شغلم بیش از حد معمول مرا از فعالیتهای خانوادگی ام دورنگه می دارد"
    }
},
{
    "model": "core.question",
    "pk": 34,
    "fields": {
        "test": 1,
        "question": "زمانی که باید برای انجام شغلم صرف نمایم مانع از آن می گردد که به صورت مساوی به مسئولیتهای خانوادگی خود بپردازم"
    }
},
{
    "model": "core.question",
    "pk": 35,
    "fields": {
        "test": 1,
        "question": "من برای اینکه وقت زیادی را برای شغلم صرف کنم مجبور هستم از برخی مسئولیت های خانوادگی سرباز زنم"
    }
},
{
    "model": "core.question",
    "pk": 36,
    "fields": {
        "test": 1,
        "question": "زمانی که باید صرف مسئولیتهای خانوادگی ام کنم با مسئولیت های کاریم تداخل\r\nدارد"
    }
},
{
    "model": "core.question",
    "pk": 37,
    "fields": {
        "test": 1,
        "question": "زمانی که صرف خانواده ام میکنم اغلب باعث میشود نتوانم آنطور که باید به وظایف شغلیم برسم و خودم را پیشرفت دهم"
    }
},
{
    "model": "core.question",
    "pk": 38,
    "fields": {
        "test": 1,
        "question": "مجبور هستم از فعالیت های مربوط به کارم کم کنم تا وقت بیشتری را به خانواده ام\r\nبگذارم"
    }
},
{
    "model": "core.question",
    "pk": 39,
    "fields": {
        "test": 1,
        "question": "وقتی از سرکار به خانه بر می گردم برای انجام مسئولیت های خانوادگی خستگی بسیاری حس می کنم"
    }
},
{
    "model": "core.question",
    "pk": 40,
    "fields": {
        "test": 1,
        "question": "وقتی از سرکار به خانه میرسم به قدری احساس بی انرژی بودن دارم که نمی توانم به امور خانه رسیدگی کنم"
    }
},
{
    "model": "core.question",
    "pk": 41,
    "fields": {
        "test": 1,
        "question": "به خاطر فشار کاری که در محیط کار دارم به قدری استرس دارم که نمی توانم امور مورد دلخواه خود را انجام دهم"
    }
},
{
    "model": "core.question",
    "pk": 42,
    "fields": {
        "test": 1,
        "question": "به خاطر فشاری که در خانه تحمل میکنم در سرکار بیشتر درگیر مسائل کاری\r\nهستم"
    }
},
{
    "model": "core.question",
    "pk": 43,
    "fields": {
        "test": 1,
        "question": "از آنجایی که مسئولیتهای خانوادگی مرا آشفته میسازد، نمی توانم در حین کار روی کارم تمرکز کنم"
    }
},
{
    "model": "core.question",
    "pk": 44,
    "fields": {
        "test": 1,
        "question": "تنش و اضطرابی که در خانه دارم باعث میگردد توانایی انجام کار در محیط کار را از دست بدهم"
    }
},
{
    "model": "core.question",
    "pk": 45,
    "fields": {
        "test": 1,
        "question": "مشکلاتی که در محیط کارم تجربه میکنم را میتوانم حل کنم اما از حل مشکلات موجود در خانه ناتوان هستم"
    }
},
{
    "model": "core.question",
    "pk": 46,
    "fields": {
        "test": 1,
        "question": "رفتارهایی که انجام آنها در محیط کار برایم مفید و ضروری است، در محیط کار باعث آسیب به شغلم و مجموعه سازمان می شوند"
    }
},
{
    "model": "core.question",
    "pk": 47,
    "fields": {
        "test": 1,
        "question": "اقداماتی که در محیط کار باعث پیشرفتم میشوند در محیط خانه کمکی در بهتر انجام دادن مسئولیتهای والد - همسری نمی کنند"
    }
},
{
    "model": "core.question",
    "pk": 48,
    "fields": {
        "test": 1,
        "question": "رفتارهایی که باعث بهبود نقش هایم در مسئولیت های خانه می شوند، کمکی در بهتر انجام دادن مسئولیتهای کاری در محیط کار نمی کنند"
    }
},
{
    "model": "core.question",
    "pk": 49,
    "fields": {
        "test": 1,
        "question": "رفتارهایی که انجام آنها در خانه برای من مهم و ضروری هستند با نقش های شغلی من در محیط کار در تناقض هستند"
    }
},
{
    "model": "core.question",
    "pk": 50,
    "fields": {
        "test": 1,
        "question": "رفتارها و اقداماتی که در خانه برای حل مشکلات دارم هیچ کمکی در حل مشکلات مربوط به کارم نمی کنند"
    }
},
{
    "model": "core.question",
    "pk": 51,
    "fields": {
        "test": 3,
        "question": "تست"
    }
},
{
    "model": "core.question",
    "pk": 52,
    "fields": {
        "test": 4,
        "question": "تست"
    }
},
{
    "model": "core.question",
    "pk": 53,
    "fields": {
        "test": 5,
        "question": "تست"
    }
},
{
    "model": "core.choice",
    "pk": 1,
    "fields": {
        "test": 4,
        "text": "کاملاً مخالفم",
        "score": 1
    }
},
{
    "model": "core.choice",
    "pk": 2,
    "fields": {
        "test": 4,
        "text": "تا حدودی مخالفم",
        "score": 2
    }
},
{
    "model": "core.choice",
    "pk": 3,
    "fields": {
        "test": 4,
        "text": "نه مخالفم و نه موافقم",
        "score": 3
    }
},
{
    "model": "core.choice",
    "pk": 4,
    "fields": {
        "test": 4,
        "text": "تا حدودی موافقم",
        "score": 4
    }
},
{
    "model": "core.choice",
    "pk": 5,
    "fields": {
        "test": 4,
        "text": "کاملاً موافقم",
        "score": 5
    }
},
{
    "model": "core.choice",
    "pk": 6,
    "fields": {
        "test": 2,
        "text": "همیشه",
        "score": 4
    }
},
{
    "model": "core.choice",
    "pk": 7,
    "fields": {
        "test": 2,
        "text": "غالباً",
        "score": 3
    }
},
{
    "model": "core.choice",
    "pk": 8,
    "fields": {
        "test": 2,
        "text": "بندرت",
        "score": 2
    }
},
{
    "model": "core.choice",
    "pk": 9,
    "fields": {
        "test": 2,
        "text": "هرگز",
        "score": 1
    }
},
{
    "model": "core.choice",
    "pk": 10,
    "fields": {
        "test": 3,
        "text": "بسیار مخالفم",
        "score": 1
    }
},
{
    "model": "core.choice",
    "pk": 11,
    "fields": {
        "test": 3,
        "text": "مخالفم",
        "score": 2
    }
},
{
    "model": "core.choice",
    "pk": 12,
    "fields": {
        "test": 3,
        "text": "موافقم",
        "score": 3
    }
},
{
    "model": "core.choice",
    "pk": 13,
    "fields": {
        "test": 3,
        "text": "بسیار موافقم",
        "score": 4
    }
},
{
    "model": "core.choice",
    "pk": 14,
    "fields": {
        "test": 5,
        "text": "کاملاً نادرست",
        "score": 1
    }
},
{
    "model": "core.choice",
    "pk": 15,
    "fields": {
        "test": 5,
        "text": "نسبتاً درست",
        "score": 2
    }
},
{
    "model": "core.choice",
    "pk": 16,
    "fields": {
        "test": 5,
        "text": "غالباً درست",
        "score": 3
    }
},
{
    "model": "core.choice",
    "pk": 17,
    "fields": {
        "test": 5,
        "text": "کاملاً درست",
        "score": 4
    }
},
{
    "model": "core.choice",
    "pk": 18,
    "fields": {
        "test": 1,
        "text": "کاملاً مخالفم",
        "score": 1
    }
},
{
    "model": "core.choice",
    "pk": 19,
    "fields": {
        "test": 1,
        "text": "مخالفم",
        "score": 2
    }
},
{
    "model": "core.choice",
    "pk": 20,
    "fields": {
        "test": 1,
        "text": "نه مخالفم نه موافقم",
        "score": 3
    }
},
{
    "model": "core.choice",
    "pk": 21,
    "fields": {
        "test": 1,
        "text": "موافقم",
        "score": 4
    }
},
{
    "model": "core.choice",
    "pk": 22,
    "fields": {
        "test": 1,
        "text": "کاملاً موافقم",
        "score": 5
    }
},
{
    "model": "core.answer",
    "pk": 3,
    "fields": {
        "examinee": 1,
        "question": 33,
        "choice": 18
    }
},
{
    "model": "core.answer",
    "pk": 4,
    "fields": {
        "examinee": 1,
        "question": 34,
        "choice": 19
    }
},
{
    "model": "core.answer",
    "pk": 5,
    "fields": {
        "examinee": 1,
        "question": 35,
        "choice": 22
    }
},
{
    "model": "core.answer",
    "pk": 6,
    "fields": {
        "examinee": 1,
        "question": 36,
        "choice": 20
    }
},
{
    "model": "core.answer",
    "pk": 7,
    "fields": {
        "examinee": 1,
        "question": 37,
        "choice": 18
    }
},
{
    "model": "core.answer",
    "pk": 8,
    "fields": {
        "examinee": 1,
        "question": 38,
        "choice": 18
    }
},
{
    "model": "core.answer",
    "pk": 9,
    "fields": {
        "examinee": 1,
        "question": 39,
        "choice": 19
    }
},
{
    "model": "core.answer",
    "pk": 10,
    "fields": {
        "examinee": 1,
        "question": 40,
        "choice": 18
    }
},
{
    "model": "core.answer",
    "pk": 11,
    "fields": {
        "examinee": 1,
        "question": 41,
        "choice": 19
    }
},
{
    "model": "core.answer",
    "pk": 12,
    "fields": {
        "examinee": 1,
        "question": 42,
        "choice": 19
    }
},
{
    "model": "core.answer",
    "pk": 13,
    "fields": {
        "examinee": 1,
        "question": 43,
        "choice": 20
    }
},
{
    "model": "core.answer",
    "pk": 14,
    "fields": {
        "examinee": 1,
        "question": 44,
        "choice": 19
    }
},
{
    "model": "core.answer",
    "pk": 15,
    "fields": {
        "examinee": 1,
        "question": 45,
        "choice": 18
    }
},
{
    "model": "core.answer",
    "pk": 16,
    "fields": {
        "examinee": 1,
        "question": 46,
        "choice": 20
    }
},
{
    "model": "core.answer",
    "pk": 17,
    "fields": {
        "examinee": 1,
        "question": 47,
        "choice": 20
    }
},
{
    "model": "core.answer",
    "pk": 18,
    "fields": {
        "examinee": 1,
        "question": 48,
        "choice": 20
    }
},
{
    "model": "core.answer",
    "pk": 19,
    "fields": {
        "examinee": 1,
        "question": 49,
        "choice": 21
    }
},
{
    "model": "core.answer",
    "pk": 20,
    "fields": {
        "examinee": 1,
        "question": 50,
        "choice": 18
    }
},
{
    "model": "core.answer",
    "pk": 54,
    "fields": {
        "examinee": 1,
        "question": 1,
        "choice": 7
    }
},
{
    "model": "core.answer",
    "pk": 55,
    "fields": {
        "examinee": 1,
        "question": 2,
        "choice": 8
    }
},
{
    "model": "core.answer",
    "pk": 56,
    "fields": {
        "examinee": 1,
        "question": 3,
        "choice": 7
    }
},
{
    "model": "core.answer",
    "pk": 57,
    "fields": {
        "examinee": 1,
        "question": 4,
        "choice": 6
    }
},
{
    "model": "core.answer",
    "pk": 58,
    "fields": {
        "examinee": 1,
        "question": 5,
        "choice": 7
    }
},
{
    "model": "core.answer",
    "pk": 59,
    "fields": {
        "examinee": 1,
        "question": 6,
        "choice": 7
    }
},
{
    "model": "core.answer",
    "pk": 60,
    "fields": {
        "examinee": 1,
        "question": 7,
        "choice": 7
    }
},
{
    "model": "core.answer",
    "pk": 61,
    "fields": {
        "examinee": 1,
        "question": 8,
        "choice": 6
    }
},
{
    "model": "core.answer",
    "pk": 62,
    "fields": {
        "examinee": 1,
        "question": 9,
        "choice": 7
    }
},
{
    "model": "core.answer",
    "pk": 63,
    "fields": {
        "examinee": 1,
        "question": 10,
        "choice": 8
    }
},
{
    "model": "core.answer",
    "pk": 64,
    "fields": {
        "examinee": 1,
        "question": 11,
        "choice": 7
    }
},
{
    "model": "core.answer",
    "pk": 65,
    "fields": {
        "examinee": 1,
        "question": 12,
        "choice": 6
    }
},
{
    "model": "core.answer",
    "pk": 66,
    "fields": {
        "examinee": 1,
        "question": 13,
        "choice": 8
    }
},
{
    "model": "core.answer",
    "pk": 67,
    "fields": {
        "examinee": 1,
        "question": 14,
        "choice": 8
    }
},
{
    "model": "core.answer",
    "pk": 68,
    "fields": {
        "examinee": 1,
        "question": 15,
        "choice": 8
    }
},
{
    "model": "core.answer",
    "pk": 69,
    "fields": {
        "examinee": 1,
        "question": 16,
        "choice": 8
    }
},
{
    "model": "core.answer",
    "pk": 70,
    "fields": {
        "examinee": 1,
        "question": 17,
        "choice": 8
    }
},
{
    "model": "core.answer",
    "pk": 71,
    "fields": {
        "examinee": 1,
        "question": 18,
        "choice": 8
    }
},
{
    "model": "core.answer",
    "pk": 72,
    "fields": {
        "examinee": 1,
        "question": 19,
        "choice": 8
    }
},
{
    "model": "core.answer",
    "pk": 73,
    "fields": {
        "examinee": 1,
        "question": 20,
        "choice": 8
    }
},
{
    "model": "core.answer",
    "pk": 74,
    "fields": {
        "examinee": 1,
        "question": 21,
        "choice": 8
    }
},
{
    "model": "core.answer",
    "pk": 75,
    "fields": {
        "examinee": 1,
        "question": 22,
        "choice": 8
    }
},
{
    "model": "core.answer",
    "pk": 76,
    "fields": {
        "examinee": 1,
        "question": 23,
        "choice": 8
    }
},
{
    "model": "core.answer",
    "pk": 77,
    "fields": {
        "examinee": 1,
        "question": 24,
        "choice": 8
    }
},
{
    "model": "core.answer",
    "pk": 78,
    "fields": {
        "examinee": 1,
        "question": 25,
        "choice": 8
    }
},
{
    "model": "core.answer",
    "pk": 79,
    "fields": {
        "examinee": 1,
        "question": 26,
        "choice": 8
    }
},
{
    "model": "core.answer",
    "pk": 80,
    "fields": {
        "examinee": 1,
        "question": 27,
        "choice": 8
    }
},
{
    "model": "core.answer",
    "pk": 81,
    "fields": {
        "examinee": 1,
        "question": 28,
        "choice": 8
    }
},
{
    "model": "core.answer",
    "pk": 82,
    "fields": {
        "examinee": 1,
        "question": 29,
        "choice": 6
    }
},
{
    "model": "core.answer",
    "pk": 83,
    "fields": {
        "examinee": 1,
        "question": 30,
        "choice": 7
    }
},
{
    "model": "core.answer",
    "pk": 84,
    "fields": {
        "examinee": 1,
        "question": 31,
        "choice": 9
    }
},
{
    "model": "core.answer",
    "pk": 85,
    "fields": {
        "examinee": 1,
        "question": 32,
        "choice": 6
    }
},
{
    "model": "core.answer",
    "pk": 86,
    "fields": {
        "examinee": 2,
        "question": 33,
        "choice": 19
    }
},
{
    "model": "core.answer",
    "pk": 87,
    "fields": {
        "examinee": 2,
        "question": 34,
        "choice": 21
    }
},
{
    "model": "core.answer",
    "pk": 88,
    "fields": {
        "examinee": 2,
        "question": 35,
        "choice": 21
    }
},
{
    "model": "core.answer",
    "pk": 89,
    "fields": {
        "examinee": 2,
        "question": 36,
        "choice": 21
    }
},
{
    "model": "core.answer",
    "pk": 90,
    "fields": {
        "examinee": 2,
        "question": 37,
        "choice": 20
    }
},
{
    "model": "core.answer",
    "pk": 91,
    "fields": {
        "examinee": 2,
        "question": 38,
        "choice": 19
    }
},
{
    "model": "core.answer",
    "pk": 92,
    "fields": {
        "examinee": 2,
        "question": 39,
        "choice": 20
    }
},
{
    "model": "core.answer",
    "pk": 93,
    "fields": {
        "examinee": 2,
        "question": 40,
        "choice": 21
    }
},
{
    "model": "core.answer",
    "pk": 94,
    "fields": {
        "examinee": 2,
        "question": 41,
        "choice": 21
    }
},
{
    "model": "core.answer",
    "pk": 95,
    "fields": {
        "examinee": 2,
        "question": 42,
        "choice": 21
    }
},
{
    "model": "core.answer",
    "pk": 96,
    "fields": {
        "examinee": 2,
        "question": 43,
        "choice": 21
    }
},
{
    "model": "core.answer",
    "pk": 97,
    "fields": {
        "examinee": 2,
        "question": 44,
        "choice": 21
    }
},
{
    "model": "core.answer",
    "pk": 98,
    "fields": {
        "examinee": 2,
        "question": 45,
        "choice": 21
    }
},
{
    "model": "core.answer",
    "pk": 99,
    "fields": {
        "examinee": 2,
        "question": 46,
        "choice": 21
    }
},
{
    "model": "core.answer",
    "pk": 100,
    "fields": {
        "examinee": 2,
        "question": 47,
        "choice": 21
    }
},
{
    "model": "core.answer",
    "pk": 101,
    "fields": {
        "examinee": 2,
        "question": 48,
        "choice": 21
    }
},
{
    "model": "core.answer",
    "pk": 102,
    "fields": {
        "examinee": 2,
        "question": 49,
        "choice": 22
    }
},
{
    "model": "core.answer",
    "pk": 103,
    "fields": {
        "examinee": 2,
        "question": 50,
        "choice": 22
    }
},
{
    "model": "core.answer",
    "pk": 104,
    "fields": {
        "examinee": 4,
        "question": 33,
        "choice": 18
    }
},
{
    "model": "core.answer",
    "pk": 105,
    "fields": {
        "examinee": 4,
        "question": 34,
        "choice": 18
    }
},
{
    "model": "core.answer",
    "pk": 106,
    "fields": {
        "examinee": 4,
        "question": 35,
        "choice": 18
    }
},
{
    "model": "core.answer",
    "pk": 107,
    "fields": {
        "examinee": 4,
        "question": 36,
        "choice": 18
    }
},
{
    "model": "core.answer",
    "pk": 108,
    "fields": {
        "examinee": 4,
        "question": 37,
        "choice": 20
    }
},
{
    "model": "core.answer",
    "pk": 109,
    "fields": {
        "examinee": 4,
        "question": 38,
        "choice": 20
    }
},
{
    "model": "core.answer",
    "pk": 110,
    "fields": {
        "examinee": 4,
        "question": 39,
        "choice": 20
    }
},
{
    "model": "core.answer",
    "pk": 111,
    "fields": {
        "examinee": 4,
        "question": 40,
        "choice": 21
    }
},
{
    "model": "core.answer",
    "pk": 112,
    "fields": {
        "examinee": 4,
        "question": 41,
        "choice": 21
    }
},
{
    "model": "core.answer",
    "pk": 113,
    "fields": {
        "examinee": 4,
        "question": 42,
        "choice": 22
    }
},
{
    "model": "core.answer",
    "pk": 114,
    "fields": {
        "examinee": 4,
        "question": 43,
        "choice": 18
    }
},
{
    "model": "core.answer",
    "pk": 115,
    "fields": {
        "examinee": 4,
        "question": 44,
        "choice": 18
    }
},
{
    "model": "core.answer",
    "pk": 116,
    "fields": {
        "examinee": 4,
        "question": 45,
        "choice": 19
    }
},
{
    "model": "core.answer",
    "pk": 117,
    "fields": {
        "examinee": 4,
        "question": 46,
        "choice": 22
    }
},
{
    "model": "core.answer",
    "pk": 118,
    "fields": {
        "examinee": 4,
        "question": 47,
        "choice": 21
    }
},
{
    "model": "core.answer",
    "pk": 119,
    "fields": {
        "examinee": 4,
        "question": 48,
        "choice": 21
    }
},
{
    "model": "core.answer",
    "pk": 120,
    "fields": {
        "examinee": 4,
        "question": 49,
        "choice": 21
    }
},
{
    "model": "core.answer",
    "pk": 121,
    "fields": {
        "examinee": 4,
        "question": 50,
        "choice": 20
    }
},
{
    "model": "core.answer",
    "pk": 122,
    "fields": {
        "examinee": 1,
        "question": 51,
        "choice": 10
    }
},
{
    "model": "core.answer",
    "pk": 123,
    "fields": {
        "examinee": 1,
        "question": 52,
        "choice": 1
    }
},
{
    "model": "core.answer",
    "pk": 124,
    "fields": {
        "examinee": 1,
        "question": 53,
        "choice": 16
    }
},
{
    "model": "admin.logentry",
    "pk": 1,
    "fields": {
        "action_time": "2024-04-15T11:00:07.564Z",
        "user": 3,
        "content_type": 4,
        "object_id": "1",
        "object_repr": "اعتیاد به کار",
        "action_flag": 1,
        "change_message": "[{\"added\": {}}]"
    }
},
{
    "model": "admin.logentry",
    "pk": 2,
    "fields": {
        "action_time": "2024-04-15T11:00:37.713Z",
        "user": 3,
        "content_type": 4,
        "object_id": "2",
        "object_repr": "تعادل کار و زندگی",
        "action_flag": 1,
        "change_message": "[{\"added\": {}}]"
    }
},
{
    "model": "admin.logentry",
    "pk": 3,
    "fields": {
        "action_time": "2024-04-15T11:02:00.602Z",
        "user": 3,
        "content_type": 4,
        "object_id": "2",
        "object_repr": "تعادل کار و زندگی (هالدن و رنشاو 1965)",
        "action_flag": 2,
        "change_message": "[{\"changed\": {\"fields\": [\"Title\"]}}]"
    }
},
{
    "model": "admin.logentry",
    "pk": 4,
    "fields": {
        "action_time": "2024-04-15T11:02:57.175Z",
        "user": 3,
        "content_type": 4,
        "object_id": "1",
        "object_repr": "پرسشنامه اعتیاد به کار کارلسون و همکاران WFCS",
        "action_flag": 2,
        "change_message": "[{\"changed\": {\"fields\": [\"Title\"]}}]"
    }
},
{
    "model": "admin.logentry",
    "pk": 5,
    "fields": {
        "action_time": "2024-04-15T11:03:25.935Z",
        "user": 3,
        "content_type": 4,
        "object_id": "3",
        "object_repr": "پرسشنامه سرسختی شغلی",
        "action_flag": 1,
        "change_message": "[{\"added\": {}}]"
    }
},
{
    "model": "admin.logentry",
    "pk": 6,
    "fields": {
        "action_time": "2024-04-15T11:03:54.210Z",
        "user": 3,
        "content_type": 4,
        "object_id": "4",
        "object_repr": "پرسشنامه استاندارد تعادل کار و زندگی وونگ و کو (2009)",
        "action_flag": 1,
        "change_message": "[{\"added\": {}}]"
    }
},
{
    "model": "admin.logentry",
    "pk": 7,
    "fields": {
        "action_time": "2024-04-15T11:04:29.015Z",
        "user": 3,
        "content_type": 4,
        "object_id": "5",
        "object_repr": "پرسشنامه اعتیاد به کار WART",
        "action_flag": 1,
        "change_message": "[{\"added\": {}}]"
    }
},
{
    "model": "admin.logentry",
    "pk": 8,
    "fields": {
        "action_time": "2024-04-15T11:06:00.647Z",
        "user": 3,
        "content_type": 5,
        "object_id": "1",
        "object_repr": "کاملا مخالفم",
        "action_flag": 1,
        "change_message": "[{\"added\": {}}]"
    }
},
{
    "model": "admin.logentry",
    "pk": 9,
    "fields": {
        "action_time": "2024-04-15T11:06:23.761Z",
        "user": 3,
        "content_type": 5,
        "object_id": "2",
        "object_repr": "مخالفم",
        "action_flag": 1,
        "change_message": "[{\"added\": {}}]"
    }
},
{
    "model": "admin.logentry",
    "pk": 10,
    "fields": {
        "action_time": "2024-04-15T11:06:38.730Z",
        "user": 3,
        "content_type": 5,
        "object_id": "3",
        "object_repr": "نه مخالفم و نه موافقم",
        "action_flag": 1,
        "change_message": "[{\"added\": {}}]"
    }
},
{
    "model": "admin.logentry",
    "pk": 11,
    "fields": {
        "action_time": "2024-04-15T11:06:46.851Z",
        "user": 3,
        "content_type": 5,
        "object_id": "4",
        "object_repr": "موافقم",
        "action_flag": 1,
        "change_message": "[{\"added\": {}}]"
    }
},
{
    "model": "admin.logentry",
    "pk": 12,
    "fields": {
        "action_time": "2024-04-15T11:06:57.212Z",
        "user": 3,
        "content_type": 5,
        "object_id": "5",
        "object_repr": "کاملا موافقم",
        "action_flag": 1,
        "change_message": "[{\"added\": {}}]"
    }
},
{
    "model": "admin.logentry",
    "pk": 13,
    "fields": {
        "action_time": "2024-04-15T11:07:31.807Z",
        "user": 3,
        "content_type": 5,
        "object_id": "6",
        "object_repr": "همیشه",
        "action_flag": 1,
        "change_message": "[{\"added\": {}}]"
    }
},
{
    "model": "admin.logentry",
    "pk": 14,
    "fields": {
        "action_time": "2024-04-15T11:08:14.845Z",
        "user": 3,
        "content_type": 5,
        "object_id": "7",
        "object_repr": "ًغالبا",
        "action_flag": 1,
        "change_message": "[{\"added\": {}}]"
    }
},
{
    "model": "admin.logentry",
    "pk": 15,
    "fields": {
        "action_time": "2024-04-15T11:08:31.224Z",
        "user": 3,
        "content_type": 5,
        "object_id": "8",
        "object_repr": "بندرت",
        "action_flag": 1,
        "change_message": "[{\"added\": {}}]"
    }
},
{
    "model": "admin.logentry",
    "pk": 16,
    "fields": {
        "action_time": "2024-04-15T11:08:37.355Z",
        "user": 3,
        "content_type": 5,
        "object_id": "9",
        "object_repr": "هرگز",
        "action_flag": 1,
        "change_message": "[{\"added\": {}}]"
    }
},
{
    "model": "admin.logentry",
    "pk": 17,
    "fields": {
        "action_time": "2024-04-15T11:09:18.696Z",
        "user": 3,
        "content_type": 5,
        "object_id": "10",
        "object_repr": "بسیار مخالفم",
        "action_flag": 1,
        "change_message": "[{\"added\": {}}]"
    }
},
{
    "model": "admin.logentry",
    "pk": 18,
    "fields": {
        "action_time": "2024-04-15T11:09:31.124Z",
        "user": 3,
        "content_type": 5,
        "object_id": "11",
        "object_repr": "مخالفم",
        "action_flag": 1,
        "change_message": "[{\"added\": {}}]"
    }
},
{
    "model": "admin.logentry",
    "pk": 19,
    "fields": {
        "action_time": "2024-04-15T11:09:38.054Z",
        "user": 3,
        "content_type": 5,
        "object_id": "12",
        "object_repr": "موافقم",
        "action_flag": 1,
        "change_message": "[{\"added\": {}}]"
    }
},
{
    "model": "admin.logentry",
    "pk": 20,
    "fields": {
        "action_time": "2024-04-15T11:09:59.858Z",
        "user": 3,
        "content_type": 5,
        "object_id": "13",
        "object_repr": "بسیار موافقم",
        "action_flag": 1,
        "change_message": "[{\"added\": {}}]"
    }
},
{
    "model": "admin.logentry",
    "pk": 21,
    "fields": {
        "action_time": "2024-04-15T11:11:04.930Z",
        "user": 3,
        "content_type": 5,
        "object_id": "14",
        "object_repr": "کاملا نادرست",
        "action_flag": 1,
        "change_message": "[{\"added\": {}}]"
    }
},
{
    "model": "admin.logentry",
    "pk": 22,
    "fields": {
        "action_time": "2024-04-15T11:12:06.369Z",
        "user": 3,
        "content_type": 5,
        "object_id": "15",
        "object_repr": "نسبتاً درست",
        "action_flag": 1,
        "change_message": "[{\"added\": {}}]"
    }
},
{
    "model": "admin.logentry",
    "pk": 23,
    "fields": {
        "action_time": "2024-04-15T11:12:18.053Z",
        "user": 3,
        "content_type": 5,
        "object_id": "16",
        "object_repr": "غالباً درست",
        "action_flag": 1,
        "change_message": "[{\"added\": {}}]"
    }
},
{
    "model": "admin.logentry",
    "pk": 24,
    "fields": {
        "action_time": "2024-04-15T11:12:34.057Z",
        "user": 3,
        "content_type": 5,
        "object_id": "17",
        "object_repr": "کاملاً درست",
        "action_flag": 1,
        "change_message": "[{\"added\": {}}]"
    }
},
{
    "model": "admin.logentry",
    "pk": 25,
    "fields": {
        "action_time": "2024-04-15T11:12:48.834Z",
        "user": 3,
        "content_type": 5,
        "object_id": "14",
        "object_repr": "کاملاً نادرست",
        "action_flag": 2,
        "change_message": "[{\"changed\": {\"fields\": [\"Text\"]}}]"
    }
},
{
    "model": "admin.logentry",
    "pk": 26,
    "fields": {
        "action_time": "2024-04-15T11:12:58.318Z",
        "user": 3,
        "content_type": 5,
        "object_id": "5",
        "object_repr": "کاملاً موافقم",
        "action_flag": 2,
        "change_message": "[{\"changed\": {\"fields\": [\"Text\"]}}]"
    }
},
{
    "model": "admin.logentry",
    "pk": 27,
    "fields": {
        "action_time": "2024-04-15T11:13:05.787Z",
        "user": 3,
        "content_type": 5,
        "object_id": "1",
        "object_repr": "کاملاً مخالفم",
        "action_flag": 2,
        "change_message": "[{\"changed\": {\"fields\": [\"Text\"]}}]"
    }
},
{
    "model": "admin.logentry",
    "pk": 28,
    "fields": {
        "action_time": "2024-04-15T11:16:09.433Z",
        "user": 3,
        "content_type": 5,
        "object_id": "18",
        "object_repr": "کاملاً مخالفم",
        "action_flag": 1,
        "change_message": "[{\"added\": {}}]"
    }
},
{
    "model": "admin.logentry",
    "pk": 29,
    "fields": {
        "action_time": "2024-04-15T11:16:18.536Z",
        "user": 3,
        "content_type": 5,
        "object_id": "19",
        "object_repr": "مخالفم",
        "action_flag": 1,
        "change_message": "[{\"added\": {}}]"
    }
},
{
    "model": "admin.logentry",
    "pk": 30,
    "fields": {
        "action_time": "2024-04-15T11:16:36.531Z",
        "user": 3,
        "content_type": 5,
        "object_id": "20",
        "object_repr": "نه مخالفم نه موافقم",
        "action_flag": 1,
        "change_message": "[{\"added\": {}}]"
    }
},
{
    "model": "admin.logentry",
    "pk": 31,
    "fields": {
        "action_time": "2024-04-15T11:16:45.084Z",
        "user": 3,
        "content_type": 5,
        "object_id": "21",
        "object_repr": "موافقم",
        "action_flag": 1,
        "change_message": "[{\"added\": {}}]"
    }
},
{
    "model": "admin.logentry",
    "pk": 32,
    "fields": {
        "action_time": "2024-04-15T11:16:54.486Z",
        "user": 3,
        "content_type": 5,
        "object_id": "22",
        "object_repr": "کاملاً موافقم",
        "action_flag": 1,
        "change_message": "[{\"added\": {}}]"
    }
},
{
    "model": "admin.logentry",
    "pk": 33,
    "fields": {
        "action_time": "2024-04-15T11:17:45.713Z",
        "user": 3,
        "content_type": 5,
        "object_id": "4",
        "object_repr": "تا حدودی موافقم",
        "action_flag": 2,
        "change_message": "[{\"changed\": {\"fields\": [\"Text\"]}}]"
    }
},
{
    "model": "admin.logentry",
    "pk": 34,
    "fields": {
        "action_time": "2024-04-15T11:18:15.576Z",
        "user": 3,
        "content_type": 5,
        "object_id": "2",
        "object_repr": "تا حدودی مخالفم",
        "action_flag": 2,
        "change_message": "[{\"changed\": {\"fields\": [\"Text\"]}}]"
    }
},
{
    "model": "admin.logentry",
    "pk": 35,
    "fields": {
        "action_time": "2024-04-15T11:28:35.787Z",
        "user": 3,
        "content_type": 2,
        "object_id": "1",
        "object_repr": "بدنبال فرصتی برای برقراری توازن ...",
        "action_flag": 1,
        "change_message": "[{\"added\": {}}]"
    }
},
{
    "model": "admin.logentry",
    "pk": 36,
    "fields": {
        "action_time": "2024-04-15T11:28:50.735Z",
        "user": 3,
        "content_type": 2,
        "object_id": "2",
        "object_repr": "مراقب نگرش خود هستم،فکرم را ...",
        "action_flag": 1,
        "change_message": "[{\"added\": {}}]"
    }
},
{
    "model": "admin.logentry",
    "pk": 37,
    "fields": {
        "action_time": "2024-04-15T11:28:59.478Z",
        "user": 3,
        "content_type": 2,
        "object_id": "3",
        "object_repr": "هنگام صحبت باخود مثبت حرف ...",
        "action_flag": 1,
        "change_message": "[{\"added\": {}}]"
    }
},
{
    "model": "admin.logentry",
    "pk": 38,
    "fields": {
        "action_time": "2024-04-15T11:29:14.168Z",
        "user": 3,
        "content_type": 2,
        "object_id": "4",
        "object_repr": "گزینه ها و تصمیماتی که ...",
        "action_flag": 1,
        "change_message": "[{\"added\": {}}]"
    }
},
{
    "model": "admin.logentry",
    "pk": 39,
    "fields": {
        "action_time": "2024-04-15T11:29:22.373Z",
        "user": 3,
        "content_type": 2,
        "object_id": "5",
        "object_repr": "از هوش عاطفی خود برای ...",
        "action_flag": 1,
        "change_message": "[{\"added\": {}}]"
    }
},
{
    "model": "admin.logentry",
    "pk": 40,
    "fields": {
        "action_time": "2024-04-15T11:29:31.031Z",
        "user": 3,
        "content_type": 2,
        "object_id": "6",
        "object_repr": "انعطاف پذیر هستم و میتوانم ...",
        "action_flag": 1,
        "change_message": "[{\"added\": {}}]"
    }
},
{
    "model": "admin.logentry",
    "pk": 41,
    "fields": {
        "action_time": "2024-04-15T11:29:43.142Z",
        "user": 3,
        "content_type": 2,
        "object_id": "7",
        "object_repr": "روابط دوست داشتنی ام را ...",
        "action_flag": 1,
        "change_message": "[{\"added\": {}}]"
    }
},
{
    "model": "admin.logentry",
    "pk": 42,
    "fields": {
        "action_time": "2024-04-15T11:29:50.864Z",
        "user": 3,
        "content_type": 2,
        "object_id": "8",
        "object_repr": "اوقات مفید و با ارزشم ...",
        "action_flag": 1,
        "change_message": "[{\"added\": {}}]"
    }
},
{
    "model": "admin.logentry",
    "pk": 43,
    "fields": {
        "action_time": "2024-04-15T11:29:57.723Z",
        "user": 3,
        "content_type": 2,
        "object_id": "9",
        "object_repr": "در طول هفته فرصت کافی ...",
        "action_flag": 1,
        "change_message": "[{\"added\": {}}]"
    }
},
{
    "model": "admin.logentry",
    "pk": 44,
    "fields": {
        "action_time": "2024-04-15T11:30:13.206Z",
        "user": 3,
        "content_type": 2,
        "object_id": "10",
        "object_repr": "قبل از اقدام کردن،تمام هدفهای ...",
        "action_flag": 1,
        "change_message": "[{\"added\": {}}]"
    }
},
{
    "model": "admin.logentry",
    "pk": 45,
    "fields": {
        "action_time": "2024-04-15T11:30:19.529Z",
        "user": 3,
        "content_type": 2,
        "object_id": "11",
        "object_repr": "برای رسیدن به اهدافم از ...",
        "action_flag": 1,
        "change_message": "[{\"added\": {}}]"
    }
},
{
    "model": "admin.logentry",
    "pk": 46,
    "fields": {
        "action_time": "2024-04-15T11:30:27.702Z",
        "user": 3,
        "content_type": 2,
        "object_id": "12",
        "object_repr": "برای برقراری ارتباطاثربخش با دیگران ...",
        "action_flag": 1,
        "change_message": "[{\"added\": {}}]"
    }
},
{
    "model": "admin.logentry",
    "pk": 47,
    "fields": {
        "action_time": "2024-04-15T11:30:34.065Z",
        "user": 3,
        "content_type": 2,
        "object_id": "13",
        "object_repr": "سعی میکنم نقطه نظرات دیگران ...",
        "action_flag": 1,
        "change_message": "[{\"added\": {}}]"
    }
},
{
    "model": "admin.logentry",
    "pk": 48,
    "fields": {
        "action_time": "2024-04-15T11:30:45.961Z",
        "user": 3,
        "content_type": 2,
        "object_id": "14",
        "object_repr": "راه حلهای مختلفی را آزمایش ...",
        "action_flag": 1,
        "change_message": "[{\"added\": {}}]"
    }
},
{
    "model": "admin.logentry",
    "pk": 49,
    "fields": {
        "action_time": "2024-04-15T11:30:52.113Z",
        "user": 3,
        "content_type": 2,
        "object_id": "15",
        "object_repr": "برای یافتن راه حلهای تازه ...",
        "action_flag": 1,
        "change_message": "[{\"added\": {}}]"
    }
},
{
    "model": "admin.logentry",
    "pk": 50,
    "fields": {
        "action_time": "2024-04-15T11:31:02.934Z",
        "user": 3,
        "content_type": 2,
        "object_id": "16",
        "object_repr": "برای ایجاد تغییر در جهت ...",
        "action_flag": 1,
        "change_message": "[{\"added\": {}}]"
    }
},
{
    "model": "admin.logentry",
    "pk": 51,
    "fields": {
        "action_time": "2024-04-15T11:31:09.911Z",
        "user": 3,
        "content_type": 2,
        "object_id": "17",
        "object_repr": "بهترین گزینه های کاری که ...",
        "action_flag": 1,
        "change_message": "[{\"added\": {}}]"
    }
},
{
    "model": "admin.logentry",
    "pk": 52,
    "fields": {
        "action_time": "2024-04-15T11:31:19.035Z",
        "user": 3,
        "content_type": 2,
        "object_id": "18",
        "object_repr": "اکثر روزهای کاری از\"زود شروع ...",
        "action_flag": 1,
        "change_message": "[{\"added\": {}}]"
    }
},
{
    "model": "admin.logentry",
    "pk": 53,
    "fields": {
        "action_time": "2024-04-15T11:31:25.386Z",
        "user": 3,
        "content_type": 2,
        "object_id": "19",
        "object_repr": "عادت ندارم کارم را به ...",
        "action_flag": 1,
        "change_message": "[{\"added\": {}}]"
    }
},
{
    "model": "admin.logentry",
    "pk": 54,
    "fields": {
        "action_time": "2024-04-15T11:31:32.768Z",
        "user": 3,
        "content_type": 2,
        "object_id": "20",
        "object_repr": "برای انجام کار در ایام ...",
        "action_flag": 1,
        "change_message": "[{\"added\": {}}]"
    }
},
{
    "model": "admin.logentry",
    "pk": 55,
    "fields": {
        "action_time": "2024-04-15T11:31:37.742Z",
        "user": 3,
        "content_type": 2,
        "object_id": "21",
        "object_repr": "زمانی که سر کار نیستم ...",
        "action_flag": 1,
        "change_message": "[{\"added\": {}}]"
    }
},
{
    "model": "admin.logentry",
    "pk": 56,
    "fields": {
        "action_time": "2024-04-15T11:31:42.594Z",
        "user": 3,
        "content_type": 2,
        "object_id": "22",
        "object_repr": "مسئولیت انتخابها و اقداماتم را ...",
        "action_flag": 1,
        "change_message": "[{\"added\": {}}]"
    }
},
{
    "model": "admin.logentry",
    "pk": 57,
    "fields": {
        "action_time": "2024-04-15T11:31:47.643Z",
        "user": 3,
        "content_type": 2,
        "object_id": "23",
        "object_repr": "به یادگیری مستمر و توسعه ...",
        "action_flag": 1,
        "change_message": "[{\"added\": {}}]"
    }
},
{
    "model": "admin.logentry",
    "pk": 58,
    "fields": {
        "action_time": "2024-04-15T11:31:55.435Z",
        "user": 3,
        "content_type": 2,
        "object_id": "24",
        "object_repr": "برای مهمترین افراد زندگیم وقت ...",
        "action_flag": 1,
        "change_message": "[{\"added\": {}}]"
    }
},
{
    "model": "admin.logentry",
    "pk": 59,
    "fields": {
        "action_time": "2024-04-15T11:32:06.841Z",
        "user": 3,
        "content_type": 2,
        "object_id": "25",
        "object_repr": "میدانم که در کار و ...",
        "action_flag": 1,
        "change_message": "[{\"added\": {}}]"
    }
},
{
    "model": "admin.logentry",
    "pk": 60,
    "fields": {
        "action_time": "2024-04-15T11:32:11.756Z",
        "user": 3,
        "content_type": 2,
        "object_id": "26",
        "object_repr": "به توانائی خوددر تحقق بخشیدن ...",
        "action_flag": 1,
        "change_message": "[{\"added\": {}}]"
    }
},
{
    "model": "admin.logentry",
    "pk": 61,
    "fields": {
        "action_time": "2024-04-15T11:32:16.724Z",
        "user": 3,
        "content_type": 2,
        "object_id": "27",
        "object_repr": "به ارزش خود در محل ...",
        "action_flag": 1,
        "change_message": "[{\"added\": {}}]"
    }
},
{
    "model": "admin.logentry",
    "pk": 62,
    "fields": {
        "action_time": "2024-04-15T11:32:25.568Z",
        "user": 3,
        "content_type": 2,
        "object_id": "28",
        "object_repr": "از استرس به عنوان محرکی ...",
        "action_flag": 1,
        "change_message": "[{\"added\": {}}]"
    }
},
{
    "model": "admin.logentry",
    "pk": 63,
    "fields": {
        "action_time": "2024-04-15T11:32:31.311Z",
        "user": 3,
        "content_type": 2,
        "object_id": "29",
        "object_repr": "رژیم غذائی متعادل و سالمی ...",
        "action_flag": 1,
        "change_message": "[{\"added\": {}}]"
    }
},
{
    "model": "admin.logentry",
    "pk": 64,
    "fields": {
        "action_time": "2024-04-15T11:32:37.766Z",
        "user": 3,
        "content_type": 2,
        "object_id": "30",
        "object_repr": "ورزشهائی میکنم که روحم را ...",
        "action_flag": 1,
        "change_message": "[{\"added\": {}}]"
    }
},
{
    "model": "admin.logentry",
    "pk": 65,
    "fields": {
        "action_time": "2024-04-15T11:32:56.032Z",
        "user": 3,
        "content_type": 2,
        "object_id": "31",
        "object_repr": "به اندازه کافی برای تمدد ...",
        "action_flag": 1,
        "change_message": "[{\"added\": {}}]"
    }
},
{
    "model": "admin.logentry",
    "pk": 66,
    "fields": {
        "action_time": "2024-04-15T11:33:09.569Z",
        "user": 3,
        "content_type": 2,
        "object_id": "32",
        "object_repr": "سفر زندگی ام را جشن ...",
        "action_flag": 1,
        "change_message": "[{\"added\": {}}]"
    }
},
{
    "model": "admin.logentry",
    "pk": 67,
    "fields": {
        "action_time": "2024-04-15T11:36:41.070Z",
        "user": 3,
        "content_type": 5,
        "object_id": "7",
        "object_repr": "غالباً",
        "action_flag": 2,
        "change_message": "[{\"changed\": {\"fields\": [\"Text\"]}}]"
    }
},
{
    "model": "admin.logentry",
    "pk": 68,
    "fields": {
        "action_time": "2024-04-15T19:00:28.668Z",
        "user": 3,
        "content_type": 2,
        "object_id": "33",
        "object_repr": "شغلم بیش از حد معمول ...",
        "action_flag": 1,
        "change_message": "[{\"added\": {}}]"
    }
},
{
    "model": "admin.logentry",
    "pk": 69,
    "fields": {
        "action_time": "2024-04-15T19:00:39.298Z",
        "user": 3,
        "content_type": 2,
        "object_id": "34",
        "object_repr": "زمانی که باید برای انجام ...",
        "action_flag": 1,
        "change_message": "[{\"added\": {}}]"
    }
},
{
    "model": "admin.logentry",
    "pk": 70,
    "fields": {
        "action_time": "2024-04-15T19:00:48.217Z",
        "user": 3,
        "content_type": 2,
        "object_id": "35",
        "object_repr": "من برای اینکه وقت زیادی ...",
        "action_flag": 1,
        "change_message": "[{\"added\": {}}]"
    }
},
{
    "model": "admin.logentry",
    "pk": 71,
    "fields": {
        "action_time": "2024-04-15T19:00:52.853Z",
        "user": 3,
        "content_type": 2,
        "object_id": "36",
        "object_repr": "زمانی که باید صرف مسئولیتهای ...",
        "action_flag": 1,
        "change_message": "[{\"added\": {}}]"
    }
},
{
    "model": "admin.logentry",
    "pk": 72,
    "fields": {
        "action_time": "2024-04-15T19:00:57.541Z",
        "user": 3,
        "content_type": 2,
        "object_id": "37",
        "object_repr": "زمانی که صرف خانواده ام ...",
        "action_flag": 1,
        "change_message": "[{\"added\": {}}]"
    }
},
{
    "model": "admin.logentry",
    "pk": 73,
    "fields": {
        "action_time": "2024-04-15T19:01:10.145Z",
        "user": 3,
        "content_type": 2,
        "object_id": "38",
        "object_repr": "مجبور هستم از فعالیت های ...",
        "action_flag": 1,
        "change_message": "[{\"added\": {}}]"
    }
},
{
    "model": "admin.logentry",
    "pk": 74,
    "fields": {
        "action_time": "2024-04-15T19:01:17.082Z",
        "user": 3,
        "content_type": 2,
        "object_id": "39",
        "object_repr": "وقتی از سرکار به خانه ...",
        "action_flag": 1,
        "change_message": "[{\"added\": {}}]"
    }
},
{
    "model": "admin.logentry",
    "pk": 75,
    "fields": {
        "action_time": "2024-04-15T19:01:24.689Z",
        "user": 3,
        "content_type": 2,
        "object_id": "40",
        "object_repr": "وقتی از سرکار به خانه ...",
        "action_flag": 1,
        "change_message": "[{\"added\": {}}]"
    }
},
{
    "model": "admin.logentry",
    "pk": 76,
    "fields": {
        "action_time": "2024-04-15T19:01:31.278Z",
        "user": 3,
        "content_type": 2,
        "object_id": "41",
        "object_repr": "به خاطر فشار کاری که ...",
        "action_flag": 1,
        "change_message": "[{\"added\": {}}]"
    }
},
{
    "model": "admin.logentry",
    "pk": 77,
    "fields": {
        "action_time": "2024-04-15T19:01:39.784Z",
        "user": 3,
        "content_type": 2,
        "object_id": "42",
        "object_repr": "به خاطر فشاری که در ...",
        "action_flag": 1,
        "change_message": "[{\"added\": {}}]"
    }
},
{
    "model": "admin.logentry",
    "pk": 78,
    "fields": {
        "action_time": "2024-04-15T19:01:46.428Z",
        "user": 3,
        "content_type": 2,
        "object_id": "43",
        "object_repr": "از آنجایی که مسئولیتهای خانوادگی ...",
        "action_flag": 1,
        "change_message": "[{\"added\": {}}]"
    }
},
{
    "model": "admin.logentry",
    "pk": 79,
    "fields": {
        "action_time": "2024-04-15T19:01:59.972Z",
        "user": 3,
        "content_type": 2,
        "object_id": "44",
        "object_repr": "تنش و اضطرابی که در ...",
        "action_flag": 1,
        "change_message": "[{\"added\": {}}]"
    }
},
{
    "model": "admin.logentry",
    "pk": 80,
    "fields": {
        "action_time": "2024-04-15T19:02:08.721Z",
        "user": 3,
        "content_type": 2,
        "object_id": "45",
        "object_repr": "مشکلاتی که در محیط کارم ...",
        "action_flag": 1,
        "change_message": "[{\"added\": {}}]"
    }
},
{
    "model": "admin.logentry",
    "pk": 81,
    "fields": {
        "action_time": "2024-04-15T19:05:03.041Z",
        "user": 3,
        "content_type": 2,
        "object_id": "46",
        "object_repr": "رفتارهایی که انجام آنها در ...",
        "action_flag": 1,
        "change_message": "[{\"added\": {}}]"
    }
},
{
    "model": "admin.logentry",
    "pk": 82,
    "fields": {
        "action_time": "2024-04-15T19:05:09.467Z",
        "user": 3,
        "content_type": 2,
        "object_id": "47",
        "object_repr": "اقداماتی که در محیط کار ...",
        "action_flag": 1,
        "change_message": "[{\"added\": {}}]"
    }
},
{
    "model": "admin.logentry",
    "pk": 83,
    "fields": {
        "action_time": "2024-04-15T19:05:20.856Z",
        "user": 3,
        "content_type": 2,
        "object_id": "48",
        "object_repr": "رفتارهایی که باعث بهبود نقش ...",
        "action_flag": 1,
        "change_message": "[{\"added\": {}}]"
    }
},
{
    "model": "admin.logentry",
    "pk": 84,
    "fields": {
        "action_time": "2024-04-15T19:05:27.898Z",
        "user": 3,
        "content_type": 2,
        "object_id": "49",
        "object_repr": "رفتارهایی که انجام آنها در ...",
        "action_flag": 1,
        "change_message": "[{\"added\": {}}]"
    }
},
{
    "model": "admin.logentry",
    "pk": 85,
    "fields": {
        "action_time": "2024-04-15T19:05:37.431Z",
        "user": 3,
        "content_type": 2,
        "object_id": "50",
        "object_repr": "رفتارها و اقداماتی که در ...",
        "action_flag": 1,
        "change_message": "[{\"added\": {}}]"
    }
},
{
    "model": "admin.logentry",
    "pk": 86,
    "fields": {
        "action_time": "2024-04-15T19:26:50.066Z",
        "user": 3,
        "content_type": 3,
        "object_id": "1",
        "object_repr": "کاملاً مخالفم",
        "action_flag": 3,
        "change_message": ""
    }
},
{
    "model": "admin.logentry",
    "pk": 87,
    "fields": {
        "action_time": "2024-04-15T19:27:13.557Z",
        "user": 3,
        "content_type": 3,
        "object_id": "2",
        "object_repr": "کاملاً مخالفم",
        "action_flag": 3,
        "change_message": ""
    }
},
{
    "model": "admin.logentry",
    "pk": 88,
    "fields": {
        "action_time": "2024-04-16T07:20:56.117Z",
        "user": 3,
        "content_type": 3,
        "object_id": "21",
        "object_repr": "همیشه",
        "action_flag": 1,
        "change_message": "[{\"added\": {}}]"
    }
},
{
    "model": "admin.logentry",
    "pk": 89,
    "fields": {
        "action_time": "2024-04-16T07:21:34.999Z",
        "user": 3,
        "content_type": 3,
        "object_id": "21",
        "object_repr": "همیشه",
        "action_flag": 3,
        "change_message": ""
    }
},
{
    "model": "admin.logentry",
    "pk": 90,
    "fields": {
        "action_time": "2024-04-16T11:59:33.571Z",
        "user": 3,
        "content_type": 3,
        "object_id": "53",
        "object_repr": "همیشه",
        "action_flag": 3,
        "change_message": ""
    }
},
{
    "model": "admin.logentry",
    "pk": 91,
    "fields": {
        "action_time": "2024-04-16T11:59:33.575Z",
        "user": 3,
        "content_type": 3,
        "object_id": "52",
        "object_repr": "همیشه",
        "action_flag": 3,
        "change_message": ""
    }
},
{
    "model": "admin.logentry",
    "pk": 92,
    "fields": {
        "action_time": "2024-04-16T11:59:33.576Z",
        "user": 3,
        "content_type": 3,
        "object_id": "51",
        "object_repr": "غالباً",
        "action_flag": 3,
        "change_message": ""
    }
},
{
    "model": "admin.logentry",
    "pk": 93,
    "fields": {
        "action_time": "2024-04-16T11:59:33.577Z",
        "user": 3,
        "content_type": 3,
        "object_id": "50",
        "object_repr": "غالباً",
        "action_flag": 3,
        "change_message": ""
    }
},
{
    "model": "admin.logentry",
    "pk": 94,
    "fields": {
        "action_time": "2024-04-16T11:59:33.577Z",
        "user": 3,
        "content_type": 3,
        "object_id": "49",
        "object_repr": "همیشه",
        "action_flag": 3,
        "change_message": ""
    }
},
{
    "model": "admin.logentry",
    "pk": 95,
    "fields": {
        "action_time": "2024-04-16T11:59:33.579Z",
        "user": 3,
        "content_type": 3,
        "object_id": "48",
        "object_repr": "غالباً",
        "action_flag": 3,
        "change_message": ""
    }
},
{
    "model": "admin.logentry",
    "pk": 96,
    "fields": {
        "action_time": "2024-04-16T11:59:33.581Z",
        "user": 3,
        "content_type": 3,
        "object_id": "47",
        "object_repr": "بندرت",
        "action_flag": 3,
        "change_message": ""
    }
},
{
    "model": "admin.logentry",
    "pk": 97,
    "fields": {
        "action_time": "2024-04-16T11:59:33.583Z",
        "user": 3,
        "content_type": 3,
        "object_id": "46",
        "object_repr": "هرگز",
        "action_flag": 3,
        "change_message": ""
    }
},
{
    "model": "admin.logentry",
    "pk": 98,
    "fields": {
        "action_time": "2024-04-16T11:59:33.584Z",
        "user": 3,
        "content_type": 3,
        "object_id": "45",
        "object_repr": "همیشه",
        "action_flag": 3,
        "change_message": ""
    }
},
{
    "model": "admin.logentry",
    "pk": 99,
    "fields": {
        "action_time": "2024-04-16T11:59:33.585Z",
        "user": 3,
        "content_type": 3,
        "object_id": "44",
        "object_repr": "هرگز",
        "action_flag": 3,
        "change_message": ""
    }
},
{
    "model": "admin.logentry",
    "pk": 100,
    "fields": {
        "action_time": "2024-04-16T11:59:33.585Z",
        "user": 3,
        "content_type": 3,
        "object_id": "43",
        "object_repr": "بندرت",
        "action_flag": 3,
        "change_message": ""
    }
},
{
    "model": "admin.logentry",
    "pk": 101,
    "fields": {
        "action_time": "2024-04-16T11:59:33.585Z",
        "user": 3,
        "content_type": 3,
        "object_id": "42",
        "object_repr": "همیشه",
        "action_flag": 3,
        "change_message": ""
    }
},
{
    "model": "admin.logentry",
    "pk": 102,
    "fields": {
        "action_time": "2024-04-16T11:59:33.587Z",
        "user": 3,
        "content_type": 3,
        "object_id": "41",
        "object_repr": "غالباً",
        "action_flag": 3,
        "change_message": ""
    }
},
{
    "model": "admin.logentry",
    "pk": 103,
    "fields": {
        "action_time": "2024-04-16T11:59:33.587Z",
        "user": 3,
        "content_type": 3,
        "object_id": "40",
        "object_repr": "همیشه",
        "action_flag": 3,
        "change_message": ""
    }
},
{
    "model": "admin.logentry",
    "pk": 104,
    "fields": {
        "action_time": "2024-04-16T11:59:33.588Z",
        "user": 3,
        "content_type": 3,
        "object_id": "39",
        "object_repr": "غالباً",
        "action_flag": 3,
        "change_message": ""
    }
},
{
    "model": "admin.logentry",
    "pk": 105,
    "fields": {
        "action_time": "2024-04-16T11:59:33.588Z",
        "user": 3,
        "content_type": 3,
        "object_id": "38",
        "object_repr": "غالباً",
        "action_flag": 3,
        "change_message": ""
    }
},
{
    "model": "admin.logentry",
    "pk": 106,
    "fields": {
        "action_time": "2024-04-16T11:59:33.589Z",
        "user": 3,
        "content_type": 3,
        "object_id": "37",
        "object_repr": "غالباً",
        "action_flag": 3,
        "change_message": ""
    }
},
{
    "model": "admin.logentry",
    "pk": 107,
    "fields": {
        "action_time": "2024-04-16T11:59:33.589Z",
        "user": 3,
        "content_type": 3,
        "object_id": "36",
        "object_repr": "همیشه",
        "action_flag": 3,
        "change_message": ""
    }
},
{
    "model": "admin.logentry",
    "pk": 108,
    "fields": {
        "action_time": "2024-04-16T11:59:33.590Z",
        "user": 3,
        "content_type": 3,
        "object_id": "35",
        "object_repr": "همیشه",
        "action_flag": 3,
        "change_message": ""
    }
},
{
    "model": "admin.logentry",
    "pk": 109,
    "fields": {
        "action_time": "2024-04-16T11:59:33.591Z",
        "user": 3,
        "content_type": 3,
        "object_id": "34",
        "object_repr": "همیشه",
        "action_flag": 3,
        "change_message": ""
    }
},
{
    "model": "admin.logentry",
    "pk": 110,
    "fields": {
        "action_time": "2024-04-16T11:59:33.591Z",
        "user": 3,
        "content_type": 3,
        "object_id": "33",
        "object_repr": "همیشه",
        "action_flag": 3,
        "change_message": ""
    }
},
{
    "model": "admin.logentry",
    "pk": 111,
    "fields": {
        "action_time": "2024-04-16T11:59:33.593Z",
        "user": 3,
        "content_type": 3,
        "object_id": "32",
        "object_repr": "بندرت",
        "action_flag": 3,
        "change_message": ""
    }
},
{
    "model": "admin.logentry",
    "pk": 112,
    "fields": {
        "action_time": "2024-04-16T11:59:33.594Z",
        "user": 3,
        "content_type": 3,
        "object_id": "31",
        "object_repr": "همیشه",
        "action_flag": 3,
        "change_message": ""
    }
},
{
    "model": "admin.logentry",
    "pk": 113,
    "fields": {
        "action_time": "2024-04-16T11:59:33.595Z",
        "user": 3,
        "content_type": 3,
        "object_id": "30",
        "object_repr": "غالباً",
        "action_flag": 3,
        "change_message": ""
    }
},
{
    "model": "admin.logentry",
    "pk": 114,
    "fields": {
        "action_time": "2024-04-16T11:59:33.596Z",
        "user": 3,
        "content_type": 3,
        "object_id": "29",
        "object_repr": "هرگز",
        "action_flag": 3,
        "change_message": ""
    }
},
{
    "model": "admin.logentry",
    "pk": 115,
    "fields": {
        "action_time": "2024-04-16T11:59:33.598Z",
        "user": 3,
        "content_type": 3,
        "object_id": "28",
        "object_repr": "بندرت",
        "action_flag": 3,
        "change_message": ""
    }
},
{
    "model": "admin.logentry",
    "pk": 116,
    "fields": {
        "action_time": "2024-04-16T11:59:33.600Z",
        "user": 3,
        "content_type": 3,
        "object_id": "27",
        "object_repr": "بندرت",
        "action_flag": 3,
        "change_message": ""
    }
},
{
    "model": "admin.logentry",
    "pk": 117,
    "fields": {
        "action_time": "2024-04-16T11:59:33.601Z",
        "user": 3,
        "content_type": 3,
        "object_id": "26",
        "object_repr": "همیشه",
        "action_flag": 3,
        "change_message": ""
    }
},
{
    "model": "admin.logentry",
    "pk": 118,
    "fields": {
        "action_time": "2024-04-16T11:59:33.602Z",
        "user": 3,
        "content_type": 3,
        "object_id": "25",
        "object_repr": "همیشه",
        "action_flag": 3,
        "change_message": ""
    }
},
{
    "model": "admin.logentry",
    "pk": 119,
    "fields": {
        "action_time": "2024-04-16T11:59:33.603Z",
        "user": 3,
        "content_type": 3,
        "object_id": "24",
        "object_repr": "غالباً",
        "action_flag": 3,
        "change_message": ""
    }
},
{
    "model": "admin.logentry",
    "pk": 120,
    "fields": {
        "action_time": "2024-04-16T11:59:33.604Z",
        "user": 3,
        "content_type": 3,
        "object_id": "23",
        "object_repr": "بندرت",
        "action_flag": 3,
        "change_message": ""
    }
},
{
    "model": "admin.logentry",
    "pk": 121,
    "fields": {
        "action_time": "2024-04-16T11:59:33.604Z",
        "user": 3,
        "content_type": 3,
        "object_id": "22",
        "object_repr": "همیشه",
        "action_flag": 3,
        "change_message": ""
    }
},
{
    "model": "admin.logentry",
    "pk": 122,
    "fields": {
        "action_time": "2024-04-17T10:48:34.658Z",
        "user": 3,
        "content_type": 2,
        "object_id": "51",
        "object_repr": "تست ...",
        "action_flag": 1,
        "change_message": "[{\"added\": {}}]"
    }
},
{
    "model": "admin.logentry",
    "pk": 123,
    "fields": {
        "action_time": "2024-04-17T10:48:40.315Z",
        "user": 3,
        "content_type": 2,
        "object_id": "52",
        "object_repr": "تست ...",
        "action_flag": 1,
        "change_message": "[{\"added\": {}}]"
    }
},
{
    "model": "admin.logentry",
    "pk": 124,
    "fields": {
        "action_time": "2024-04-17T10:48:47.432Z",
        "user": 3,
        "content_type": 2,
        "object_id": "53",
        "object_repr": "تست ...",
        "action_flag": 1,
        "change_message": "[{\"added\": {}}]"
    }
},
{
    "model": "auth.permission",
    "pk": 1,
    "fields": {
        "name": "Can add شرکت کننده",
        "content_type": 1,
        "codename": "add_examinee"
    }
},
{
    "model": "auth.permission",
    "pk": 2,
    "fields": {
        "name": "Can change شرکت کننده",
        "content_type": 1,
        "codename": "change_examinee"
    }
},
{
    "model": "auth.permission",
    "pk": 3,
    "fields": {
        "name": "Can delete شرکت کننده",
        "content_type": 1,
        "codename": "delete_examinee"
    }
},
{
    "model": "auth.permission",
    "pk": 4,
    "fields": {
        "name": "Can view شرکت کننده",
        "content_type": 1,
        "codename": "view_examinee"
    }
},
{
    "model": "auth.permission",
    "pk": 5,
    "fields": {
        "name": "Can add سوال",
        "content_type": 2,
        "codename": "add_question"
    }
},
{
    "model": "auth.permission",
    "pk": 6,
    "fields": {
        "name": "Can change سوال",
        "content_type": 2,
        "codename": "change_question"
    }
},
{
    "model": "auth.permission",
    "pk": 7,
    "fields": {
        "name": "Can delete سوال",
        "content_type": 2,
        "codename": "delete_question"
    }
},
{
    "model": "auth.permission",
    "pk": 8,
    "fields": {
        "name": "Can view سوال",
        "content_type": 2,
        "codename": "view_question"
    }
},
{
    "model": "auth.permission",
    "pk": 9,
    "fields": {
        "name": "Can add جواب",
        "content_type": 3,
        "codename": "add_answer"
    }
},
{
    "model": "auth.permission",
    "pk": 10,
    "fields": {
        "name": "Can change جواب",
        "content_type": 3,
        "codename": "change_answer"
    }
},
{
    "model": "auth.permission",
    "pk": 11,
    "fields": {
        "name": "Can delete جواب",
        "content_type": 3,
        "codename": "delete_answer"
    }
},
{
    "model": "auth.permission",
    "pk": 12,
    "fields": {
        "name": "Can view جواب",
        "content_type": 3,
        "codename": "view_answer"
    }
},
{
    "model": "auth.permission",
    "pk": 13,
    "fields": {
        "name": "Can add تست",
        "content_type": 4,
        "codename": "add_test"
    }
},
{
    "model": "auth.permission",
    "pk": 14,
    "fields": {
        "name": "Can change تست",
        "content_type": 4,
        "codename": "change_test"
    }
},
{
    "model": "auth.permission",
    "pk": 15,
    "fields": {
        "name": "Can delete تست",
        "content_type": 4,
        "codename": "delete_test"
    }
},
{
    "model": "auth.permission",
    "pk": 16,
    "fields": {
        "name": "Can view تست",
        "content_type": 4,
        "codename": "view_test"
    }
},
{
    "model": "auth.permission",
    "pk": 17,
    "fields": {
        "name": "Can add گزینه",
        "content_type": 5,
        "codename": "add_choice"
    }
},
{
    "model": "auth.permission",
    "pk": 18,
    "fields": {
        "name": "Can change گزینه",
        "content_type": 5,
        "codename": "change_choice"
    }
},
{
    "model": "auth.permission",
    "pk": 19,
    "fields": {
        "name": "Can delete گزینه",
        "content_type": 5,
        "codename": "delete_choice"
    }
},
{
    "model": "auth.permission",
    "pk": 20,
    "fields": {
        "name": "Can view گزینه",
        "content_type": 5,
        "codename": "view_choice"
    }
},
{
    "model": "auth.permission",
    "pk": 21,
    "fields": {
        "name": "Can add log entry",
        "content_type": 6,
        "codename": "add_logentry"
    }
},
{
    "model": "auth.permission",
    "pk": 22,
    "fields": {
        "name": "Can change log entry",
        "content_type": 6,
        "codename": "change_logentry"
    }
},
{
    "model": "auth.permission",
    "pk": 23,
    "fields": {
        "name": "Can delete log entry",
        "content_type": 6,
        "codename": "delete_logentry"
    }
},
{
    "model": "auth.permission",
    "pk": 24,
    "fields": {
        "name": "Can view log entry",
        "content_type": 6,
        "codename": "view_logentry"
    }
},
{
    "model": "auth.permission",
    "pk": 25,
    "fields": {
        "name": "Can add permission",
        "content_type": 7,
        "codename": "add_permission"
    }
},
{
    "model": "auth.permission",
    "pk": 26,
    "fields": {
        "name": "Can change permission",
        "content_type": 7,
        "codename": "change_permission"
    }
},
{
    "model": "auth.permission",
    "pk": 27,
    "fields": {
        "name": "Can delete permission",
        "content_type": 7,
        "codename": "delete_permission"
    }
},
{
    "model": "auth.permission",
    "pk": 28,
    "fields": {
        "name": "Can view permission",
        "content_type": 7,
        "codename": "view_permission"
    }
},
{
    "model": "auth.permission",
    "pk": 29,
    "fields": {
        "name": "Can add group",
        "content_type": 8,
        "codename": "add_group"
    }
},
{
    "model": "auth.permission",
    "pk": 30,
    "fields": {
        "name": "Can change group",
        "content_type": 8,
        "codename": "change_group"
    }
},
{
    "model": "auth.permission",
    "pk": 31,
    "fields": {
        "name": "Can delete group",
        "content_type": 8,
        "codename": "delete_group"
    }
},
{
    "model": "auth.permission",
    "pk": 32,
    "fields": {
        "name": "Can view group",
        "content_type": 8,
        "codename": "view_group"
    }
},
{
    "model": "auth.permission",
    "pk": 33,
    "fields": {
        "name": "Can add user",
        "content_type": 9,
        "codename": "add_user"
    }
},
{
    "model": "auth.permission",
    "pk": 34,
    "fields": {
        "name": "Can change user",
        "content_type": 9,
        "codename": "change_user"
    }
},
{
    "model": "auth.permission",
    "pk": 35,
    "fields": {
        "name": "Can delete user",
        "content_type": 9,
        "codename": "delete_user"
    }
},
{
    "model": "auth.permission",
    "pk": 36,
    "fields": {
        "name": "Can view user",
        "content_type": 9,
        "codename": "view_user"
    }
},
{
    "model": "auth.permission",
    "pk": 37,
    "fields": {
        "name": "Can add content type",
        "content_type": 10,
        "codename": "add_contenttype"
    }
},
{
    "model": "auth.permission",
    "pk": 38,
    "fields": {
        "name": "Can change content type",
        "content_type": 10,
        "codename": "change_contenttype"
    }
},
{
    "model": "auth.permission",
    "pk": 39,
    "fields": {
        "name": "Can delete content type",
        "content_type": 10,
        "codename": "delete_contenttype"
    }
},
{
    "model": "auth.permission",
    "pk": 40,
    "fields": {
        "name": "Can view content type",
        "content_type": 10,
        "codename": "view_contenttype"
    }
},
{
    "model": "auth.permission",
    "pk": 41,
    "fields": {
        "name": "Can add session",
        "content_type": 11,
        "codename": "add_session"
    }
},
{
    "model": "auth.permission",
    "pk": 42,
    "fields": {
        "name": "Can change session",
        "content_type": 11,
        "codename": "change_session"
    }
},
{
    "model": "auth.permission",
    "pk": 43,
    "fields": {
        "name": "Can delete session",
        "content_type": 11,
        "codename": "delete_session"
    }
},
{
    "model": "auth.permission",
    "pk": 44,
    "fields": {
        "name": "Can view session",
        "content_type": 11,
        "codename": "view_session"
    }
},
{
    "model": "auth.user",
    "pk": 2,
    "fields": {
        "password": "mxs*EQQw86B#M",
        "last_login": null,
        "is_superuser": true,
        "username": "Aliireza",
        "first_name": "",
        "last_name": "",
        "email": "aliireza.dev@gmail.com",
        "is_staff": true,
        "is_active": true,
        "date_joined": "2024-04-13T13:26:58.307Z",
        "groups": [],
        "user_permissions": []
    }
},
{
    "model": "auth.user",
    "pk": 3,
    "fields": {
        "password": "pbkdf2_sha256$720000$a61LnqrpqR74L35GC9ZUrU$yIt+7RKHFV9sVEhBN0VXFe+4ps077tZkVxnBvU9N6Js=",
        "last_login": "2024-05-17T07:06:05.246Z",
        "is_superuser": true,
        "username": "alii",
        "first_name": "",
        "last_name": "",
        "email": "",
        "is_staff": true,
        "is_active": true,
        "date_joined": "2024-04-13T13:30:51.459Z",
        "groups": [],
        "user_permissions": []
    }
},
{
    "model": "contenttypes.contenttype",
    "pk": 1,
    "fields": {
        "app_label": "core",
        "model": "examinee"
    }
},
{
    "model": "contenttypes.contenttype",
    "pk": 2,
    "fields": {
        "app_label": "core",
        "model": "question"
    }
},
{
    "model": "contenttypes.contenttype",
    "pk": 3,
    "fields": {
        "app_label": "core",
        "model": "answer"
    }
},
{
    "model": "contenttypes.contenttype",
    "pk": 4,
    "fields": {
        "app_label": "core",
        "model": "test"
    }
},
{
    "model": "contenttypes.contenttype",
    "pk": 5,
    "fields": {
        "app_label": "core",
        "model": "choice"
    }
},
{
    "model": "contenttypes.contenttype",
    "pk": 6,
    "fields": {
        "app_label": "admin",
        "model": "logentry"
    }
},
{
    "model": "contenttypes.contenttype",
    "pk": 7,
    "fields": {
        "app_label": "auth",
        "model": "permission"
    }
},
{
    "model": "contenttypes.contenttype",
    "pk": 8,
    "fields": {
        "app_label": "auth",
        "model": "group"
    }
},
{
    "model": "contenttypes.contenttype",
    "pk": 9,
    "fields": {
        "app_label": "auth",
        "model": "user"
    }
},
{
    "model": "contenttypes.contenttype",
    "pk": 10,
    "fields": {
        "app_label": "contenttypes",
        "model": "contenttype"
    }
},
{
    "model": "contenttypes.contenttype",
    "pk": 11,
    "fields": {
        "app_label": "sessions",
        "model": "session"
    }
},
{
    "model": "sessions.session",
    "pk": "755zpsmc48oyf9jwquvh8j09ywkc37ff",
    "fields": {
        "session_data": ".eJxVjEEOwiAQRe_C2hCYFlpcuvcMZGZgpGpoUtqV8e7apAvd_vfef6mI21ri1vISp6TOqlOn342QH7nuIN2x3mbNc12XifSu6IM2fZ1Tfl4O9--gYCvfGlC8tR6ZHQQxQEImdd3Q9xIYJLP4gKNxGQYQEWA_srOcAxsCIlbvD_sBOOo:1rx71e:MiIKKhoPZCFQ863JxcUr8JR_SN2HRNL_w9EfkUMK7xE",
        "expire_date": "2024-05-01T15:16:42.439Z"
    }
},
{
    "model": "sessions.session",
    "pk": "852r17qnaihb3jr75bs7grye9nq63xbf",
    "fields": {
        "session_data": ".eJxVjEEOwiAQRe_C2hCYFlpcuvcMZGZgpGpoUtqV8e7apAvd_vfef6mI21ri1vISp6TOqlOn342QH7nuIN2x3mbNc12XifSu6IM2fZ1Tfl4O9--gYCvfGlC8tR6ZHQQxQEImdd3Q9xIYJLP4gKNxGQYQEWA_srOcAxsCIlbvD_sBOOo:1s7rfJ:PjCStlQTXBfeP867VW6arc_K8_NicXDoMFWUMRvCdLY",
        "expire_date": "2024-05-31T07:06:05.254Z"
    }
},
{
    "model": "sessions.session",
    "pk": "tsazav5de6ubmbtuwis398xsbvsfd107",
    "fields": {
        "session_data": ".eJxVjEEOwiAQRe_C2hCYFlpcuvcMZGZgpGpoUtqV8e7apAvd_vfef6mI21ri1vISp6TOqlOn342QH7nuIN2x3mbNc12XifSu6IM2fZ1Tfl4O9--gYCvfGlC8tR6ZHQQxQEImdd3Q9xIYJLP4gKNxGQYQEWA_srOcAxsCIlbvD_sBOOo:1rwLmc:9mguh7iCZd26rHuUDsjnv8NhZi_gkNixCwOb6CddEfs",
        "expire_date": "2024-04-29T12:50:02.738Z"
    }
}
]
